{
	"class_name" : "PinholeCameraParameters",
	"extrinsic" : 
	[
		0.88943359030503655,
		-0.061277066551085391,
		0.4529381961724871,
		0.0,
		-0.067561730643159679,
		-0.99771242718114428,
		-0.0023076396622963937,
		0.0,
		0.45204347245546378,
		-0.028548796177837593,
		-0.89153893086460501,
		0.0,
		0.93761891466004199,
		0.0002431049119813733,
		3.3289722889066393,
		1.0
	],
	"intrinsic" : 
	{
		"height" : 1080,
		"intrinsic_matrix" : 
		[
			935.30743608719399,
			0.0,
			0.0,
			0.0,
			935.30743608719399,
			0.0,
			959.5,
			539.5,
			1.0
		],
		"width" : 1920
	},
	"version_major" : 1,
	"version_minor" : 0
}